{"cameraMode":{"drawMode":0,"name":"Shaded","section":"Shading Mode"},"sceneLighting":true,"audioPlay":false,"sceneViewState":{"showFog":true,"showMaterialUpdate":false,"showSkybox":true,"showFlares":true,"showImageEffects":true,"showParticleSystems":true},"in2DMode":false,"pivot":{"x":6.775601863861084,"y":1.8149356842041016,"z":-6.344263076782227},"rotation":{"x":-0.024458521977066995,"y":0.9655318260192871,"z":-0.23967164754867555,"w":-0.09853348881006241},"size":18.147830963134767,"orthographic":false}